Wie definieren kognitive Psychologen Gewohnheiten?;Gewohnheiten werden von kognitiven Psychologen als automatische Verhaltensweisen definiert, die durch situative Hinweisreize ausgelöst werden und die wir mit wenig oder keiner bewussten Gedanken ausführen.
Was machen die Unternehmen in diesem Buch, um ihre Produkte unverzichtbar zu machen?;Die Unternehmen beherrschen die Gestaltung von Gewohnheiten, um ihre Produkte unverzichtbar zu machen.
Was sind Hooks und wie können sie das Verhalten von Nutzern beeinflussen?;Hooks sind eine Serie von Erfahrungen, die Nutzer durchlaufen, um Verhaltensänderungen herbeizuführen. Je öfter Nutzer diese Hooks durchlaufen, desto wahrscheinlicher ist es, dass sie Gewohnheiten bilden.
Was sind die Kernkomponenten eines habit-forming Produkts?;Die Kernkomponenten eines habit-forming Produkts sind ein interner Trigger, ein externer Trigger, eine Handlung und eine Belohnung.
Was ist ein interner Trigger?;Ein interner Trigger ist ein Gefühl oder eine Emotion, die den Nutzer dazu veranlasst, das Produkt zu nutzen.
Was ist der Hooked Model?;Der Hooked Model ist ein vierphasiger Prozess, den Unternehmen nutzen, um Gewohnheiten zu bilden und erfolgreiche Produkte zu schaffen, die wiederholt genutzt werden, ohne auf teure Werbung oder aggressive Nachrichten angewiesen zu sein.
Was sind Trigger im Kontext von habit-forming Produkten?;Trigger sind Aktivatoren von Verhalten und können extern oder intern sein. Habit-forming Produkte beginnen mit externen Triggern wie E-Mails, Webseiten-Links oder App-Icons auf einem Telefon.
Wie können Nutzer durch das Durchlaufen aufeinanderfolgender Hooks Assoziationen mit internen Triggern bilden?;Nutzer können durch das Durchlaufen aufeinanderfolgender Hooks Assoziationen mit internen Triggern bilden, die an bestehende Verhaltensweisen und Emotionen anknüpfen.
Was ist die Handlung, die nach dem Auslöser erfolgt?;Die Handlung, die in Erwartung einer Belohnung ausgeführt wird.
Welche beiden Hebel nutzen Unternehmen, um die Wahrscheinlichkeit einer Handlung zu erhöhen?;Unternehmen nutzen die Leichtigkeit, eine Handlung auszuführen, sowie die psychologische Motivation, um die Wahrscheinlichkeit einer Handlung zu erhöhen.
Was unterscheidet das Hooked-Modell von einem einfachen Feedback-Loop?;Das Hooked-Modell hat die Fähigkeit, ein Verlangen zu erzeugen, während vorhersehbare Feedback-Loops kein Verlangen erzeugen. Variable Belohnungen sind ein mächtiges Werkzeug, das Unternehmen einsetzen, um Benutzer zu binden.
Was wird in Kapitel 4 untersucht?;In Kapitel 4 wird untersucht, warum manche Menschen irgendwann den Geschmack für bestimmte Erfahrungen verlieren und wie die Variabilität ihre Erinnerung beeinflusst.
Was ist die Investment-Phase im Hooked-Modell?;Die Investment-Phase erhöht die Wahrscheinlichkeit, dass der Benutzer in Zukunft erneut durch den Zyklus geht, indem er Zeit, Daten, Mühe, soziales Kapital oder Geld in das Produkt oder die Dienstleistung investiert.
Was impliziert die Investition?;Die Investition impliziert eine Handlung, die den Service für den nächsten Durchgang verbessert.
Was ist ein Superpower?;Ein Superpower ist eine Fähigkeit, die so außergewöhnlich ist, dass sie als übermenschlich oder magisch angesehen wird.
Was ist Choice Architecture?;Choice Architecture ist ein Konzept, das von den berühmten Wissenschaftlern Thaler, Sunstein und Balz in ihrem gleichnamigen wissenschaftlichen Artikel beschrieben wird und Techniken bietet, um Entscheidungen von Menschen zu beeinflussen und Verhaltensergebnisse zu beeinflussen.
Was sind Gewohnheiten?;Gewohnheiten sind Verhaltensweisen, die mit wenig oder keiner bewussten Gedanken ausgeführt werden.
Was ist das Hooked-Modell?;Das Hooked-Modell beschreibt eine Erfahrung, die so gestaltet ist, dass das Problem des Benutzers häufig genug mit einem Produkt eines Unternehmens verbunden wird, um eine Gewohnheit zu bilden. Es besteht aus vier Phasen: Trigger, Aktion, variable Belohnung und Investition.
Was ist ein behavioral script?;Ein behavioral script ist eine automatisierte Handlung, die ohne bewusste Aufmerksamkeit ausgeführt wird.
Wie entstehen Gewohnheiten im Gehirn?;Gewohnheiten entstehen, wenn das Gehirn einen Shortcut nimmt und aufhört, aktiv zu überlegen, was als nächstes zu tun ist. Das Gehirn lernt schnell, Verhaltensweisen zu kodifizieren, die eine Lösung für die jeweilige Situation bieten.
Was sind habit-forming Produkte?;Habit-forming Produkte verändern das Nutzerverhalten und schaffen unprompted User Engagement. Das Ziel ist es, Kunden dazu zu bringen, das Produkt immer wieder von selbst zu nutzen, ohne auf offensichtliche Handlungsaufforderungen wie Anzeigen oder Werbeaktionen angewiesen zu sein. Sobald eine Gewohnheit gebildet ist, wird der Nutzer automatisch während routinemäßiger Ereignisse wie dem Warten in der Schlange dazu angeregt, das Produkt zu nutzen.
Was sind die Kriterien für Produkte, die in diesem Buch behandelt werden?;Produkte, die in Unternehmen eingesetzt werden, die eine kontinuierliche, unprompted Benutzerbeteiligung erfordern und daher Benutzergewohnheiten aufbauen müssen. Unternehmen, die Kunden durch andere Mittel zum Handeln zwingen, sind ausgeschlossen.
Was sagte Warren Buffett über die Stärke eines Unternehmens im Laufe der Zeit?;Warren Buffett sagte: 'Sie können im Laufe der Zeit die Stärke eines Unternehmens anhand der Menge an Schmerzen bestimmen, die es bei der Erhöhung von Preisen durchläuft.'
Warum werden Kunden weniger preissensibel, wenn sie sich an ein Produkt gewöhnen?;Kunden werden weniger preissensibel, wenn sie sich an ein Produkt gewöhnen, weil sie Routinen um das Produkt bilden und von ihm abhängig werden.
Was ist eine gängige Praxis in der Free-to-play-Videospielbranche, um Nutzer zum Bezahlen zu bewegen?;Es ist eine gängige Praxis für Spieleentwickler, das Bezahlen von Nutzern zu verzögern, bis diese konsequent und gewohnheitsmäßig spielen. Sobald die Zwanghaftigkeit zu spielen vorhanden ist und der Wunsch, im Spiel voranzukommen, steigt, ist es viel einfacher, Nutzer in zahlende Kunden umzuwandeln. Das eigentliche Geld liegt im Verkauf von virtuellen Gegenständen, zusätzlichen Leben und besonderen Kräften.
Was ist der Viral Cycle Time?;Der Viral Cycle Time ist die Zeit, die ein Benutzer benötigt, um einen anderen Benutzer einzuladen, und kann einen massiven Einfluss haben. Wenn der Zykluszeit 2 Tage beträgt, haben Sie nach 20 Tagen 20.470 Benutzer. Wenn Sie jedoch die Zykluszeit auf einen Tag halbieren, haben Sie über 20 Millionen Benutzer.
Was besagt ein klassischer Artikel von John Gourville, einem Marketingprofessor an der Harvard Business School?;Viele Innovationen scheitern, weil Verbraucher irrational den alten Wert überschätzen, während Unternehmen irrational den neuen Wert überschätzen.
Was behauptet Gourville über neue Marktteilnehmer?;Gourville behauptet, dass neue Marktteilnehmer nicht nur besser sein müssen als etablierte Unternehmen, sondern neunmal besser, um eine Chance zu haben.
Was schreibt Gourville über Produkte, die einen hohen Grad an Verhaltensänderung erfordern?;Produkte, die einen hohen Grad an Verhaltensänderung erfordern, sind zum Scheitern verurteilt, selbst wenn die Vorteile der Verwendung des neuen Produkts klar und erheblich sind.
Wie erhöhen Nutzer ihre Abhängigkeit von gewohnheitsbildenden Produkten?;Nutzer erhöhen ihre Abhängigkeit von gewohnheitsbildenden Produkten, indem sie Wert in ihnen speichern und so die Wahrscheinlichkeit verringern, zu einer Alternative zu wechseln.
Was sind die Regeln und Einschränkungen des Habit-Designs?;Das Habit-Design hat Regeln und Einschränkungen, die erklären, warum einige Produkte Leben verändern, während andere dies nicht tun.
